Fecha,log_rend,normal
2016-12-16,0.0069782808634990135,-0.0024671384709214665
2016-12-19,-0.023521140426964102,-0.028393925591186798
2016-12-20,0.015942262321153443,-7.883205648537626e-4
2016-12-21,-0.004414210417073188,-0.024636430193190412
2016-12-22,-0.004231939416885134,-0.021484272625959065
2016-12-23,0.00423193941688518,0.0073715508818763785
2016-12-27,-0.004029873703161544,-0.03452037619109628
2016-12-28,-0.005060221112563674,0.02861141857598396
2016-12-29,-0.005289817279932997,-0.029367039472005828
2016-12-30,0.011560785640953579,-0.02251826252083603
2017-01-02,0.006231888259644516,0.002098019868377633
2017-01-03,0.023959075205270863,-0.02676705714925554
2017-01-04,0.004489966217834505,-0.02150476955350539
2017-01-05,0.0029172826430841183,-0.002570433314063371
2017-01-06,0.00561641450925671,0.029250075858366798
2017-01-09,-0.011264296216853965,-0.019691705266437043
2017-01-10,-9.769872682530167e-4,0.03258131835510256
2017-01-11,-0.008639257877017444,-0.011437296838695245
2017-01-12,-0.0019740965316122033,0.005890767085592974
2017-01-13,0.01723822338447988,0.021203715152511914
2017-01-16,-0.01644811706350265,-0.02724680151752896
2017-01-17,-0.004551271487919144,-0.015687873027828262
2017-01-18,0.0033658777825773833,0.016518015433615724
2017-01-19,0.005519598003575671,-0.03052789605529567
2017-01-20,0.009001688971653677,-0.01688916039525191
2017-01-23,-0.01630188702621317,0.011581441354818565
2017-01-24,0.02212960515073122,0.01612911326581928
2017-01-25,0.03949612680132494,0.029506299640562377
2017-01-26,-0.0016770789120734656,-0.00331501058315697
2017-01-27,-9.326291920035399e-4,-0.004554581883367674
2017-01-30,-0.01884903491338968,0.015034418550140888
2017-01-31,-0.010432715388215108,0.03305049187663405
2017-02-01,0.011009352412935393,-0.019164893043102506
2017-02-02,0.015817471777088622,-0.004402594456558397
2017-02-03,0.008659561199200505,0.024596504129294112
2017-02-06,-0.02140839419451231,0.0172369201574118
2017-02-07,-0.02011656775580788,-0.002696137758886601
2017-02-08,-0.013969966252359597,0.02947503802125496
2017-02-09,0.015727064416202613,-0.03228250699706231
2017-02-10,-0.016916522981152024,-0.0024545924248838323
2017-02-13,0.01769626957655838,0.021817844174449035
2017-02-14,0.007765457369389706,0.01904763810371447
2017-02-15,0.01706494788233321,0.0057980854517641215
2017-02-16,-0.010126851464234421,-0.011713642499091874
2017-02-17,-0.012951155121647096,-3.0501269001306547e-4
2017-02-20,0.004464783924510709,-0.009537593322591614
2017-02-21,0.0071407921896005965,-0.024239359289351746
2017-02-22,-0.018830025893212643,-0.0029863171519299184
2017-02-23,0.0025440396412516448,0.002542982871185716
2017-02-24,-0.013182542181273972,0.010876444302401216
2017-02-27,0.0015834610984928543,0.012647063042270009
2017-02-28,0.018999439056286333,0.006405049881217526
2017-03-01,0.03151222602833951,-0.00750255541793337
2017-03-02,-0.017065430009536905,-0.013318727042256315
2017-03-03,0.016313253788292712,0.03457525989675304
2017-03-06,-0.005849668550042924,0.009913208208628142
2017-03-07,5.675553708414062e-4,0.013371178356672312
2017-03-08,0.010348902115830982,0.02510891667113206
2017-03-09,0.024227286966623227,-0.03307069983373211
2017-03-10,0.0031009934527955023,-0.041291148685508365
2017-03-13,-0.00529608233698251,-0.013477622209748777
2017-03-14,-0.01866806276369437,-0.006173604990802351
2017-03-15,0.013527293033201491,-0.023179995699945367
2017-03-16,0.03650590934299079,0.003924454292502016
2017-03-17,0.0026582327782503578,0.034046593558721215
2017-03-20,-0.0024808737274664137,0.016474658251603373
2017-03-21,0.0037191206618116903,-0.006756979440356988
2017-03-22,0.004233522813730021,0.03216473009821732
2017-03-23,0.007540724865041371,-0.045330339794777616
2017-03-24,-0.0015734666188813341,-0.027236879452614386
2017-03-27,-0.008787614440072245,-0.011834444272358614
2017-03-28,0.016630530298642927,-0.03244965473269983
2017-03-29,-0.0066189699175536725,-0.014427730826245927
2017-03-30,0.00401156827904418,-0.0026866108818725904
2017-03-31,0,0.08239757356899545
2017-04-03,-0.017559911257726976,-0.0030635065466312326
2017-04-04,0.0031838493672528803,0.008268853592740573
2017-04-05,0.006512362152091822,-0.02665364398515899
2017-04-06,0.01047110137689162,0.00824332176518874
2017-04-07,0.002600844671970821,-0.03620515250975471
2017-04-10,-0.01693920155114444,0.01109510189813346
2017-04-11,-0.007601819751882625,0.024259270486505637
2017-04-12,-0.012859742287609114,-0.03341897668965553
2017-04-13,-0.013755642913444516,-0.024832318471364124
2017-04-18,-0.0021894821874640443,-0.005923614785370996
2017-04-19,0.02933685020005737,-0.01837665091927344
2017-04-20,0.0038946398829768796,0.011101291252665476
2017-04-21,0.0017652682329114147,0.004842778806374517
2017-04-24,0.05657060347966398,0.017214223980858926
2017-04-25,0.006644272982064393,-0.020277636535170666
2017-04-26,0.001654300080599186,0.019030142816370395
2017-04-27,-0.0088797402031557,-0.0011114538909117377
2017-04-28,0.0075443635425435085,-0.011835650446044892
2017-05-02,0.011459300993511078,-0.028999254222525972
2017-05-03,0.0028029678197989097,-0.021244577528375105
2017-05-04,0.015521863077986692,0.006532184232765157
2017-05-05,0.020698801612680905,-0.005449388306488221
2017-05-08,-0.005094689941231485,0.0088493787422653
2017-05-09,-0.017226539277463544,-0.016192263998221147
2017-05-10,-0.004068040533696374,-0.015517905834991078
2017-05-11,-0.011974270551736704,-0.041975854866898726
2017-05-12,-0.005294466143693793,0.0204811541798946
2017-05-15,0.019060655300640564,-0.005103734814942262
2017-05-16,-0.001465648467354302,0.03585097490906045
2017-05-17,-0.029275355320469727,0.017983357364910184
2017-05-18,-0.03762394304446177,-0.011500052725691014
2017-05-19,0.016420445092644412,0.0068900819178814516
2017-05-22,-0.02166261912483054,-0.01605026795160529
2017-05-23,0.022690751464862435,0.03784785643829039
2017-05-24,0.006146476179821074,-0.012764811599282468
2017-05-25,0.0017005139195442225,-0.019302928236023028
2017-05-26,-0.0030631848952663975,-0.02266990868964218
2017-05-29,-5.115899702765935e-4,-0.006348118825277422
2017-05-30,-0.01080164425854552,0.029959065625545924
2017-05-31,-0.0034535210522180374,0.009938736909672636
2017-06-01,0.00155577081052432,0.009992412536618173
2017-06-02,0.00516790399961802,-0.014814356323790849
2017-06-05,-0.0017197424118705696,0.028763656824237226
2017-06-06,-0.0017227050214907557,0.008140831896007537
2017-06-07,-0.008831923128591601,-0.022551264817226108
2017-06-08,0.051032460187841855,0.01947659178901815
2017-06-09,0.011503537955731238,0.018187476973345627
2017-06-12,-0.009027299378179247,-0.023941186803246247
2017-06-13,-9.898020348178675e-4,0.012778237448458666
2017-06-14,-0.021520667713975327,0.019677625163771795
2017-06-15,-0.007277575866666248,0.005568603148180716
2017-06-16,-0.005621401039161764,0.006243744504744445
2017-06-19,0.012224192775474573,0.04163609338221788
2017-06-20,-0.011712166716603854,0.009130922257421788
2017-06-21,-0.0011955735875483892,-0.03265064755151094
2017-06-22,0.0010249273630102231,-0.046359213150297264
2017-06-23,-0.010471064949642703,0.0167898176021531
2017-06-26,0.008590935995191078,0.017144074840498978
2017-06-27,0.006820132937463628,-0.003279559635789939
2017-06-28,0.01918598023722464,0.029795173622952986
2017-06-29,-0.015115986112824633,0.01777311746368876
2017-06-30,-0.019998789676018012,0.00508278510757404
2017-07-03,0.035615069452221204,0.015826731748079526
2017-07-04,-0.007861672510139323,-0.001997779844854422
2017-07-05,-0.005725805215738105,0.009944358197203374
2017-07-06,0.008951630748752808,-0.006547154350314076
2017-07-07,-0.011467776142319313,0.02556318572051517
2017-07-10,0,-0.011256218211586701
2017-07-11,-0.007950229815880137,0.030732085159990333
2017-07-12,0.003983015656398598,-0.04590936929787701
2017-07-13,0.011000535257733408,0.004218169582537594
2017-07-14,-0.009446423475685401,-0.01699452093938203
2017-07-17,-0.01040739290588437,0.03295642978750873
2017-07-18,-0.008932584069908446,-0.014781442372107323
2017-07-19,-0.005115047229006954,0.0032652729730976863
2017-07-20,0.011428440056197383,0.004943257397895625
2017-07-21,-0.014616661258262012,0.004062668447476159
2017-07-24,0.011815407655006271,-0.022025179548160898
2017-07-25,0.018240940129291925,0.004461480760694726
2017-07-26,-5.166653996969967e-4,-0.024511861820587802
2017-07-27,3.4461790939241903e-4,-0.01606822259168118
2017-07-28,-0.001378315677007362,0.02711088997660298
2017-07-31,-0.004492691511363471,-0.024406949645072666
2017-08-01,0.008621952339079997,-0.006856458765474115
2017-08-02,-0.008537709834103464,-0.003628509050482863
2017-08-03,0.007496378411973529,0.007241650479915078
2017-08-04,0.00985042556193706,0.001365587654956409
2017-08-07,0.0029191329386367717,0.009547419536442761
2017-08-08,0.00359446313430126,0.005784303707974911
2017-08-09,-0.02088961074717283,0.026106991361601495
2017-08-10,-0.02329819711007473,0.016044055098458875
2017-08-11,-0.023305334462101215,-0.02209060370095002
2017-08-14,0.022054440783725544,-0.005841548719377437
2017-08-15,0.00285673093799063,-0.026872817695519437
2017-08-16,0.005866400296260283,0.013850726232250784
2017-08-17,-0.02530899399584968,0.007533935731545491
2017-08-18,-0.002001492879441593,-0.025739914135496183
2017-08-21,-0.009516943317086555,-0.004627944534114027
2017-08-22,0.007876269900224463,0.051329413917238526
2017-08-23,-0.00879616508924728,0.03739066931276882
2017-08-24,0.006787133798114643,-0.021422806904087686
2017-08-25,0,0.0054456057602099515
2017-08-28,-0.004397484775182632,-0.03264223194737568
2017-08-29,-0.01405309405949191,-0.013148548417814028
2017-08-30,0.0068664858569775725,-0.005622093238406362
2017-08-31,0.009571017353280186,-0.0054257073063970745
2017-09-01,0.003291851382449943,0.014735829291156324
2017-09-04,-0.006778430659441648,-0.0012372484439656763
2017-09-05,-0.016869321749501846,-0.002872624087372533
2017-09-06,-0.008637132575335315,0.017695063154146047
2017-09-07,-0.0043463490322026505,0.012049011457974355
2017-09-08,0.012048273450910437,-0.05111317681131746
2017-09-11,0.03294661599670551,0.017268155073703
2017-09-12,0.008832756059110863,0.01592666930061455
2017-09-13,0.003940922833245546,0.03889255067360511
2017-09-14,0.011375815838992097,-0.013546662174506898
2017-09-15,-0.01262805183926122,-0.00802267174731254
2017-09-18,0.006956098292864018,-0.016195229933859738
2017-09-19,0.00884798923846298,0.003264181850228842
2017-09-20,-0.00884798923846307,-0.017924012315485995
2017-09-21,0.01183894094981598,-9.767201320738694e-4
2017-09-22,0.008047380913662826,-0.017560076341440356
2017-09-25,-0.011390630061756132,0.02538693217807455
2017-09-26,-0.001410872440776863,-0.004428319734075543
2017-09-27,0.03366611721165634,0.0015253615514450448
2017-09-28,0.005106486218996961,-0.042787344656384035
2017-09-29,0.0028820157760647246,-0.027432743395589026
2017-10-02,-0.016213208854993322,-0.01650831630244319
2017-10-03,0.0022344222500997103,0.024208988577158048
2017-10-04,-0.03903549571700526,0.009026061156789398
2017-10-05,0.02885474059226909,-0.008757245936711124
2017-10-06,0.001386636742382464,-0.006951456772551959
2017-10-09,8.655916440100218e-4,0.002924861522907
2017-10-10,-0.029679989620605047,-0.018261815423636647
2017-10-11,0.006396548396701337,-0.02963788874092447
2017-10-12,-0.002837761808357708,-0.004465734630453741
2017-10-13,-0.011792649931099027,-0.008901636108535558
2017-10-16,1.799829189187803e-4,0.04271875057457876
2017-10-17,0.011612667012180153,-0.0173603384030604
2017-10-18,0.008727540668097904,-8.09036826741471e-4
2017-10-19,-0.012132271231095657,-0.003520092971015711
2017-10-20,0.005191990501570686,-0.017011025139702943
2017-10-23,-0.010772237486360824,-0.0036772964870041905
2017-10-24,0.01522657211059744,-0.008770747791675736
2017-10-25,0.001243745543450032,-0.036228515662165804
2017-10-26,0.03163203229291012,0.0025091772844374792
2017-10-27,-0.01998130895403715,0.0569350399275434
2017-10-30,0.02221522206590548,0.018276812282301554
2017-10-31,-5.151574506713822e-4,0.027626326669002648
2017-11-01,0.0013728807250873664,-3.46420129225807e-4
2017-11-02,-0.001888090923946295,0.041591688254727754
2017-11-03,-0.01890612403525137,-0.00427547093702914
2017-11-06,-0.012333092363481492,0.03564791897098927
2017-11-07,-0.00372947609016659,-0.018980957756185777
2017-11-08,-0.0035649654340353166,-0.01144484238815051
2017-11-09,-0.007528498138926045,0.03893029353612619
2017-11-10,8.99508448917181e-4,0.009334412687228127
2017-11-13,-0.005046045086661899,0.040208759017831365
2017-11-14,-0.013826003033701108,0.025000425832419015
2017-11-15,0.012379650689758034,0.04944384398875946
2017-11-16,0.0010847365169828625,0.01551622790704994
2017-11-17,-0.009442331367581535,0.007427490827111586
2017-11-20,0.00309662338588364,0.0070993678519087715
2017-11-21,-0.0056543234396105755,-0.030501955218526326
2017-11-22,0.005472540336085945,0.008741938034133182
2017-11-23,0.0027248555614028877,0.03381053512811445
2017-11-24,0.008130967440924355,-0.004633684387863531
2017-11-27,0.0028752555626884928,0.010665109350315808
2017-11-28,0.005011503009141344,-0.004980211504528632
2017-11-29,0.018222563606769795,-0.005620455025473135
2017-11-30,-0.01075186820906747,-0.001969159149432991
2017-12-01,-0.02512239859860106,0.03328941783671077
2017-12-04,0.013357668691683392,-0.031956487584855794
2017-12-05,-0.0034129035150142085,0.0019995255742328234
2017-12-06,-0.010308484207730553,-0.01254619529692297
2017-12-07,0.0054388089963416045,-0.011628009618309303
2017-12-08,0.017741086889990505,0.02832159345347344
2017-12-11,0.0010649019555512378,0.016899879523729698
2017-12-12,0.008128679650747782,0.04046490389720136
2017-12-13,-0.004762930137144958,0.0021232603114954263
2017-12-14,-0.006920576668187397,-0.0011956884114175431
2017-12-15,0.001423667827190115,0.010460162265376806
2017-12-18,0.008322188295100381,0.00798913421380262
2017-12-19,3.525993430586392e-4,-0.0014527421270341657
2017-12-20,-0.007430821225692349,0.01229778529668091
2017-12-21,0.015156934208534464,-0.0039111262052071395
2017-12-22,-0.021749529390579187,0.028300404414522615
2017-12-27,-0.006096535967643631,-0.004247670394684353
2017-12-28,-0.008852323625537381,0.026045430365985604
2017-12-29,-0.005823328952024541,-0.04343791991091708
2018-01-02,-0.004573075620968085,-0.031209550450895546
2018-01-03,1.829891394467343e-4,0.007616738513027572
2018-01-04,0.032996632157984276,-0.01684342620223695
2018-01-05,0.006541752549390582,0.012338037611345474
2018-01-08,0.0029907054692892925,0.020840047948323497
2018-01-09,0.0017556954008936879,-0.003225254699920707
2018-01-10,0.02391355815563773,0.02263328331775775
2018-01-11,0.012253671735072056,1.0277326540524326e-5
2018-01-12,0.0010141321979319023,-0.004941739478336066
2018-01-15,-0.003046116882773642,0.006265716839181716
2018-01-16,0.006756591653154043,0.03940818748511833
2018-01-17,-0.007773819300175872,-0.030358266115699202
2018-01-18,0.0013561436541840624,0.02432456914134698
2018-01-19,0.0047330115710245615,0.013344318481072624
2018-01-22,0.017385848680988678,-0.009942667790207993
2018-01-23,-0.003985485140638816,0.011615900035889023
2018-01-24,-0.004669863222471992,-0.026088479887763347
2018-01-25,0.015591596587795065,-0.0377065248932688
2018-01-26,-0.0031317662823797904,-0.018265888463567206
2018-01-29,-0.001652504668960878,0.01657249246846289
2018-01-30,-0.009397522337854416,0.012220900703554293
2018-01-31,0.008729074552935399,0.029180585544112285
2018-02-01,-0.007044470187254026,-0.016356295095161493
2018-02-02,-0.01475237470195491,0.01772066614278593
2018-02-05,-0.012894284671409927,0.014028554760317035
2018-02-06,-0.029680145535485366,-0.04784117156702941
2018-02-07,0.02133942803684054,-4.8506647909539826e-4
2018-02-08,-0.02670126895303034,-0.0294544136967011
2018-02-09,-0.017536444289982994,-0.0029240764217079262
2018-02-12,0.01771550446621491,0.011855033974246781
2018-02-13,-0.018992924328229136,0.006207984836949441
2018-02-14,0.00328166223393732,0.019194620841026157
2018-02-15,0.0043587161580559775,-0.03688610576912077
2018-02-16,0.017426178400661848,-0.006419874567458401
2018-02-19,-0.004999066397628829,-0.0077176975393090114
2018-02-20,0.016332770446668643,-0.004479832715973513
2018-02-21,-0.003881543532276951,0.02814885049570266
2018-02-22,0.0012367896859675938,-0.002347204674476683
2018-02-23,-0.0019440281337131803,-0.019543964295671595
2018-02-26,0.0066993018441514505,-0.005314445121066201
2018-02-27,0.0068299792781539885,0.02323098171434439
2018-02-28,-0.01105591542724276,9.490253014763478e-4
2018-03-01,-0.010822305231201472,0.011685402560514572
2018-03-02,-0.022002891802533005,-0.01715820971046426
2018-03-05,0.003822248128950314,0.004483686594248935
2018-03-06,-0.009307621367240712,0.017345275514456634
2018-03-07,9.163209570854184e-4,-0.002538654365728536
2018-03-08,0.002013045081875255,0.015832978740944966
2018-03-09,-0.002013045081875203,0.004816767614827194
2018-03-12,0.004386824620218713,-0.05399481324372538
2018-03-13,-0.005486600506247733,0.04047933292157636
2018-03-14,-0.018882279043132985,0.0013062711958570048
2018-03-15,-0.0029948390076398085,-0.02445829001053166
2018-03-16,0.01949026314002508,-0.04042809860889827
2018-03-19,-0.015001704504920482,-0.014104667204798355
2018-03-20,0.0011190558477690627,0.025600052984565504
2018-03-21,-0.008235101871576918,0.0017499932590538927
2018-03-22,-0.02108132479641904,0.01127469018777277
2018-03-23,-0.00577492579053783,-0.010654642848089967
2018-03-26,0.008267018983803283,-0.018969096713943395
2018-03-27,0.007439231691770562,0.015822964895563646
2018-03-28,-0.003045336528224565,-0.018170567606727132
2018-03-29,0.009297292039970376,0.02223467809835758
2018-04-03,-0.012351930978947333,-0.017540230616338075
2018-04-04,-0.005175750100484972,-0.01447012526672868
2018-04-05,0.036607764179354754,0.00681854490294908
2018-04-06,-0.01117956199162625,0.03974561953703482
2018-04-09,0.00430024185705203,-0.02331938758199418
2018-04-10,-0.002054400175940978,-0.020089156883615334
2018-04-11,-0.0048725730140034415,0.03380277286826714
2018-04-12,0.0037503973848277954,0.013802494415836402
2018-04-13,0.004854148992974339,-0.02644967568503828
2018-04-16,0.0031616731640278124,0.010674493202913094
2018-04-17,0.0035210715883090297,-0.031287762166765355
2018-04-18,0.011405758981901276,0.023885476649722667
2018-04-19,0.006926886247853068,-0.013653007352692186
2018-04-20,5.446221812762563e-4,-0.03188971178889732
2018-04-23,0.011911431577617416,-0.02228397402900635
2018-04-24,-0.03301124636224717,0.003672512231713025
2018-04-25,-0.0031573357716352976,-0.01351620725420712
2018-04-26,-0.0037268763037555082,0.023330633120718855
2018-04-27,0.0037692951736821925,-0.021039957232789678
2018-04-30,0.010665319027600635,0.008323529710681217
2018-05-02,0.0046422379036407556,-0.015542408844730333
2018-05-03,-0.011552416008809902,0.009588042889089574
2018-05-04,0.007468241526844037,0.01989958147443288
2018-05-07,7.436755518970541e-4,-0.018557524407375653
2018-05-08,7.43348082850318e-4,-0.030383237240986495
2018-05-09,0.009427783390655942,0.03104522291111759
2018-05-10,0.009339950781842786,0.02746735658667399
2018-05-11,0.005816218162464472,-0.012274255415242696
2018-05-14,-0.002177229563984744,0.010258381567656974
2018-05-15,-0.007108303438087776,-0.021691536466577156
2018-05-16,-0.025566391796977027,0.05418822974875822
2018-05-17,0.004306790795460126,-0.026224047124871714
2018-05-18,-0.027658523824512237,-0.014801132876138592
2018-05-21,-0.007132403308251439,-0.046028961948200026
2018-05-22,0.01707120576594376,0.027893349923687145
2018-05-23,-0.01881394189359422,-0.04561343966010277
2018-05-24,-0.0066109268925712405,0.010259143936516302
2018-05-25,-0.026890102087017736,-0.038735118057396704
2018-05-28,-0.02065261781166831,-0.03262643813541508
2018-05-29,-0.055847483371317355,0.016277368872808888
2018-05-30,0.011079791913009267,0.007253216286301286
2018-05-31,-0.015959105277165583,-0.0030841101912211493
2018-06-01,0.03261461430265917,-0.012816461548611916
2018-06-04,0.004618503850503603,-0.023869026878493974
2018-06-05,-0.01700418261846356,0.0067806438336191184
2018-06-06,0.017736722391375182,0.026955287367472002
2018-06-07,-0.0023047674514750194,-0.005715325069074943
2018-06-08,-0.014899538046454674,0.023817191918097155
2018-06-11,0.02782150138914813,0.016800444308529363
2018-06-12,-0.0024880118025621704,0.010395350302901216
2018-06-13,-0.009700005433535403,-0.014645313940946892
2018-06-14,0.0033481583759319535,-0.017166975898643834
2018-06-15,-0.02218092214986558,-0.026173740596720393
2018-06-18,-0.0064286482182098915,0.016542379042448173
2018-06-19,0.0018256284328354096,-0.008884974066681503
2018-06-20,0.014063863403171001,-0.006114395022207325
2018-06-21,-0.010101722322226276,-0.006286621871363684
2018-06-22,0.011793349863321107,-0.0031772438785212043
2018-06-25,-0.030346462721326628,0.012609628754153342
2018-06-26,0.0036949721255479895,-0.0364883862990004
2018-06-27,-0.005983665504243206,0.009295149090172664
2018-06-28,-0.001747528806972755,-0.03897961361771768
2018-06-29,0.0039274560580782845,0.01206420031513705
2018-07-02,-0.006444874431695874,-0.010497342209734995
2018-07-03,0.010899081629078605,-0.02331116961945108
2018-07-04,0.00680632723820924,-0.03341888199328846
2018-07-05,0.016444601450595592,0.02068039815141242
2018-07-06,0.007596623120870067,0.03919521268095561
2018-07-09,0.008998748938747927,0.013980850251528409
2018-07-10,-0.01047160560915623,0.012758769885469963
2018-07-11,-0.02310680534878481,-0.004133887032144214
2018-07-12,0.004084819989706156,-0.026571979456305777
2018-07-13,-0.008836242400901124,0.004440682389123916
2018-07-16,0.0024866568370883134,0.02841257034834389
2018-07-17,-0.004653593160620414,-0.014044024215665767
2018-07-18,0.008102434311414277,-0.032939672227422
2018-07-19,0.0010753118175505607,-0.008534042248497882
2018-07-20,-0.00129056519443525,0.020495689378530583
2018-07-23,0.004081392258911985,0.055955354591945144
2018-07-24,0.016898205890229723,-0.013537898838885476
2018-07-25,-0.0058131667907828566,-0.024943195496978685
2018-07-26,0.00991509901465709,-0.011141255698191571
2018-07-27,0.01127094181193531,0.0077352762032248746
2018-07-30,0.002626289036890513,4.1557906966887913e-4
2018-07-31,0.011267885126995187,-0.01634389113555408
2018-08-01,-0.013894174163885682,-0.015177104678412453
2018-08-02,-0.015477899853475243,0.004042524233320294
2018-08-03,0.0022409666539148936,-0.044289051739550556
2018-08-06,-0.0022409666539147917,-0.009473321258438363
2018-08-07,0.010310015743214255,-2.4207182535086703e-5
2018-08-08,-0.007216509022760023,-0.03275805317327984
2018-08-09,-0.00566073930393753,0.006367430634409602
2018-08-10,-0.027693734639443683,-0.02269082078662165
2018-08-13,-0.02463753672875777,-0.018189240361034104
2018-08-14,-0.002599429027364704,0.013889616033447549
2018-08-15,-0.018963243076924007,-0.015152208381726389
2018-08-16,0.007811468510132208,-0.0010335470349027592
2018-08-17,-0.006889152917161772,0.0011768168475668986
2018-08-20,0.00230166171620182,0.048864697617786244
2018-08-21,0.011543404392192215,0.022755323635664737
2018-08-22,-0.010854020085655109,0.021118936148574123
2018-08-23,0.0010334606785603352,-0.008469154214643492
2018-08-24,-0.0016079145920961714,-0.005145375777527062
2018-08-27,0.008013570366719477,-0.03457473524641002
2018-08-28,-0.005258647848202475,-0.011332806589835353
2018-08-29,5.72873968048001e-4,0.03810232877035197
2018-08-30,-0.0190833760398512,-0.007502442459135001
2018-08-31,0.0014002842768578057,0.02224185554367121
2018-09-03,-0.005026623503273103,0.02327935093783147
2018-09-04,0.004559893881476287,0.004621795622639249
2018-09-05,-0.0029208164840591883,-0.016139214454738766
2018-09-06,-0.010585807048786687,0.04196721132383788
2018-09-07,-0.012014691732683758,7.877453284339564e-5
2018-09-10,0.018027236271460426,0.012593251963776905
2018-09-11,-0.0029428198971374413,-0.01531436445315582
2018-09-12,-0.0010613355259145186,-0.024107636607049968
2018-09-13,0.007172658997928608,0.017271705154577946
2018-09-14,0.0036254911460114354,-0.03815818561655398
2018-09-17,0.011144613116228066,-0.006184634825628803
2018-09-18,0.012733300153421844,-0.0059158823816859345
2018-09-19,0.020086399165002794,0.0031763408917327898
2018-09-20,0.010723330567745592,-0.002149455619198765
2018-09-21,0.010609559673552711,-0.034258727542288016
2018-09-24,-0.020662907831323764,-0.002606929505333823
2018-09-25,-5.58020300614276e-4,-0.011445333820839891
2018-09-26,0.0020086441149781468,-0.017711387278895672
2018-09-27,-8.923809273746413e-4,0.004557071925342075
2018-09-28,-0.03300933626238391,0.02076378974244763
2018-10-01,-0.01020062223745876,0.011478731940713482
2018-10-02,-0.007484718781051996,-0.00942785753439678
2018-10-03,0.018031205650432574,-0.016397484897549348
2018-10-04,0.003222864236857994,-0.036687510109917616
2018-10-05,-0.008192555870131043,-0.011900096229507603
2018-10-08,0.003931738663478483,-0.02313609969965841
2018-10-09,0.009876093104172213,0.035196381943655985
2018-10-10,-0.002860985574736016,0.019123798879900872
2018-10-11,-0.023890720797759567,-0.02227719853402087
2018-10-12,-0.008960442393997277,-0.010804891796533291
2018-10-15,0.0018933010552696368,-0.02890312221909311
2018-10-16,0.016412877094895573,0.004931931911985015
2018-10-17,-0.009345735756167907,-0.001381974367818141
2018-10-18,-0.020685872966709953,0.04190287266442587
2018-10-19,-0.00326757053308222,0.04147636548139257
2018-10-22,-0.005957091212401336,0.021341637940732697
2018-10-23,-0.015359272812165044,0.009875106786669252
2018-10-24,-0.014216599392387733,0.0026307571187480375
2018-10-25,0.02211007520321034,-0.01220109492667369
2018-10-26,-0.012112347331417255,0.06824546820602966
2018-10-29,0.025171703969993648,0.021055907367291748
2018-10-30,-0.00364433507561869,-0.007273112968653652
2018-10-31,0.02083535780637205,-0.01638552873067427
2018-11-01,0.009017792153448567,-0.028955942606542155
2018-11-02,0.011976131000603324,-0.016294977420302472
2018-11-05,-0.006322548861818659,0.022308820658281162
2018-11-06,-0.011458523070619186,0.008877235891297233
2018-11-07,0.023831647698823236,-0.008321633945054254
2018-11-08,-8.124719705671842e-4,-0.020984026185779107
2018-11-09,-0.015797909863445102,3.6879998895637253e-4
2018-11-12,-0.010076497820476817,0.005772579869072748
2018-11-13,0.022035779686700414,0.014700194235857798
2018-11-14,-0.0025672035955875824,0.013471695526804458
2018-11-15,-0.011162938250031899,-0.02504223843202104
2018-11-16,-0.002721630121003478,-0.014414769350297587
2018-11-19,-0.00403627075003144,-0.011805671685999055
2018-11-20,-0.029701638783270597,-0.015929050991927818
2018-11-21,0.017733805354725084,-0.01936045653981958
2018-11-22,-0.01638691967850121,-0.018469788840661073
2018-11-23,4.896701326358282e-4,-0.007729306862985668
2018-11-26,0.028459533890116673,-0.01862510384529301
2018-11-27,-0.0016657493984824194,-0.0456919868804685
2018-11-28,0.00617369362084541,-0.00849557288862094
2018-11-29,-0.0026073405433617316,-0.021813040075105903
2018-11-30,-0.006786868440627609,-0.04001473728970992
2018-12-03,0.020575262172043154,0.04487926551934917
2018-12-04,-0.024765743196234154,-0.002340971395080242
2018-12-05,-0.006862038294979221,-0.03761502243684228
2018-12-06,-0.039172683649630634,-0.020584005786739586
2018-12-07,-2.5097102370230076e-4,-0.01578260861056594
2018-12-10,-0.027001226893109343,0.018439696081605044
2018-12-11,0.001547872336936591,0.0021641227584102327
2018-12-12,0.03333860088356658,-0.0724623507713793
2018-12-13,0.014972657645335775,-0.051357030968239764
2018-12-14,-0.0028287909939162365,0.006185973068818931
2018-12-17,-0.00803797077117528,-0.009288287963343134
2018-12-18,-0.009230649031808036,0.014071026583830219
2018-12-19,0.012824755679024956,-0.0195485002315738
2018-12-20,-0.01583687923619808,0.01429443543882154
2018-12-21,-0.012012389765384188,0.033118254839796794
2018-12-24,-0.009971817905680688,-6.507971926057748e-5
2018-12-27,-0.007609699656221541,0.008324565121530259
2018-12-28,0.021263703414956845,-0.01598214907292092
2018-12-31,0.007072594126804675,-0.013141879627389882
2019-01-02,0.001131770846676038,-0.029529061512511917
2019-01-03,0.008013357713391045,0.0446517444367894
2019-01-04,0.036728202202661736,0.013082736564167235
2019-01-07,0.00563382412649782,-0.018819293016586986
2019-01-08,0.008213936031518479,0.05447718534128159
2019-01-09,-0.004277309700748858,0.012797840589306095
2019-01-10,0.017935925639929493,-0.023472412564564355
2019-01-11,0.001752651565605949,-0.021573052046276662
2019-01-14,-0.008794138173797948,0.005084034537915803
2019-01-15,0.003996224357437456,-0.028138007055954765
2019-01-16,0.010037237321497307,-0.007414709748452326
2019-01-17,-0.01132843586913761,-0.008129308692112465
2019-01-18,0.022874536502650675,-0.022715403304790698
2019-01-21,-0.002413612061209005,0.004465370266845826
2019-01-22,-0.008203669549912399,-0.024562937492320667
2019-01-23,0.010502622372940433,-0.005609627593611958
2019-01-24,-0.00448746760595232,0.003213296347226721
2019-01-25,0.01884997203995589,-0.038884268684434724
2019-01-28,-0.016891343131447977,-0.012731304388064366
2019-01-29,-9.214388701716611e-4,0.0302367552186624
2019-01-30,-0.017937426143315286,0.027310402415538504
2019-01-31,-0.016084830713726534,0.010891287240707814
2019-02-01,-0.015241523322001014,0.007424092514759152
2019-02-04,-0.009505819971727066,-0.0018975626100782147
2019-02-05,0.018191479352048193,-0.01953708593826208
2019-02-06,0.004617610609700698,0.04410717097915517
2019-02-07,-0.03215508029510636,-0.003296946946552679
2019-02-08,-0.007667198316979645,-0.014022712782831532
2019-02-11,0.012039183052009421,0.014219671790173222
2019-02-12,-0.0016217913018655439,0.011705277353913926
2019-02-13,6.241893398034108e-4,0.013972528149943797
2019-02-14,-0.009276556274276478,0.004076895615854442
2019-02-15,0.03222070530015357,-0.014717798870068797
2019-02-18,0.004866294786548687,0.019158143498990865
2019-02-19,-0.00877633860863785,0.009788884778692789
2019-02-20,0.013739849557722207,-0.0463506796901196
2019-02-21,0.0014479697190183877,0.018003793708326714
2019-02-22,-0.004471913728508066,-0.005471891664441679
2019-02-25,0.01478872948217128,0.03198678247537238
2019-02-26,-0.0014333767065596015,-0.03631468644436263
2019-02-27,0.003936574554125646,-0.03592724673474956
2019-02-28,0.0225996578560242,-0.02785354571544249
2019-03-01,-0.00970708810967879,0.00422754807103398
2019-03-04,-0.0030604147976180888,-0.04290853680229076
2019-03-05,5.893221066378229e-4,-0.007209933532852648
2019-03-06,0.016475318533855348,-0.004126458985475078
2019-03-07,-0.035745458848583316,-0.021922544654031734
2019-03-08,-0.02050669641555137,0.005766106370945871
2019-03-11,0.014362463309660258,-0.02511467610267978
2019-03-12,0.0010868905180478827,0.01654648098859542
2019-03-13,0.029263577034396106,-0.019258664187452704
2019-03-14,0.007125676444512308,-0.006344992711689587
2019-03-15,0.019823219261091877,-0.0082035317308544
2019-03-18,0.010669680585512436,0.004877073437673923
2019-03-19,0.012789243029170252,0.006425426942911355
2019-03-20,-0.014031878489337976,-0.00829582764101506
2019-03-21,-0.025532384272341613,0.019086983115488808
2019-03-22,-0.03914203073803043,0.02643090770646515
2019-03-25,1.208893910040804e-4,0.011558357137147217
2019-03-26,-0.014209017000279352,0.0021524960436487646
2019-03-27,0.015534459821623199,-0.030131029032018013
2019-03-28,-0.011871677261408909,0.015637364975801673
2019-03-29,0.0100637168161326,-0.002591881653226378
2019-04-01,0.03030024981296971,0.026910742671859215
2019-04-02,0.0014031564845383663,-0.050250473907724566
2019-04-03,0.019903508754364287,-6.434912490194114e-4
2019-04-04,0.009805142857980688,-0.0022017295904721295
2019-04-05,-0.0011350945271647124,0.024527727718176406
2019-04-08,-0.00250207185839692,0.015944837935872376
2019-04-09,-0.0028509197658244793,0.008448704974855505
2019-04-10,-0.0017140871250110965,-0.009182816795837568
2019-04-11,0.0239609817364996,-0.005082758381635726
2019-04-12,0.01815005167688109,0.025374549113935375
2019-04-15,2.1960892530770046e-4,-0.016936364570010815
2019-04-16,0.00251859199536685,0.011645139888209281
2019-04-17,0.01022849024157538,-0.008175464247180785
2019-04-18,-0.0020588420579517957,-0.024279257602925042
2019-04-23,-0.013433355688823848,0.0260263327519433
2019-04-24,-0.01595969346781731,-0.001988690285547167
2019-04-25,0.0017861614312447043,-0.007761880414122986
2019-04-26,0.0010033155573369683,-0.019326149389357318
2019-04-29,0.0215830787898497,-0.03330450823325176
2019-04-30,-0.0017717583670947574,-4.129499143090135e-4
2019-05-02,-0.017214723709386186,-0.027553042301920395
2019-05-03,-0.005880387600812861,-0.00538187419843326
2019-05-06,-0.014393681181724908,-0.02042309132395125
2019-05-07,-0.022339737102307765,0.004918222325544582
2019-05-08,1.1786268631382613e-4,-0.009572478345797164
2019-05-09,-0.024413211601082414,0.03508363545957178
2019-05-10,-0.006288582726577279,0.009115237164197914
2019-05-13,-0.013926385646122136,-0.021735838787712614
2019-05-14,0.009671330520423006,0.028552734291045448
2019-05-15,7.306209438809587e-4,0.0827894962105937
2019-05-16,0.020365878381940615,0.013281376632692441
2019-05-17,-0.007784022664686598,-0.01004502205612607
2019-05-20,-0.01599637152725713,-0.004660758433583283
2019-05-21,0.0010988150043926624,0.015602870283088583
2019-05-22,-0.011289809146731956,-0.003154599413421919
2019-05-23,-0.01129397125079564,0.02290237227799667
2019-05-24,0.003488541118189616,-0.01641073798962603
2019-05-27,0.003972384949509802,-0.004024793896550575
2019-05-28,-0.004843523304396773,0.012532456062909729
2019-05-29,-0.004116348733714578,-0.018530375355745816
2019-05-30,0.012422527106360593,0.03023593614160283
2019-05-31,-0.024495092024336144,-0.014010784079152214
2019-06-03,-0.003040906309706244,0.004690452279212667
2019-06-04,0.025435285479594345,0.01422557561243807
2019-06-05,-0.007450733710797418,0.014922199481344508
2019-06-06,-0.010273249282708972,-0.021699424839415282
2019-06-07,-0.0015123579569292984,0.013524677166369334
2019-06-10,0.018245788176670896,-0.038624574328038695
2019-06-11,-0.007333165733045852,0.013960216458858381
2019-06-12,-0.00889665301359974,0.0032365698159378294
2019-06-13,0.002011624196371483,-0.006988101151552517
2019-06-14,-0.0065529928990465955,-0.007768787863785514
2019-06-17,0.0013894098379110262,0.037368631156856465
2019-06-18,0.01317071700537696,-0.010164356722209177
2019-06-19,0.01176853357473026,0.078130949993805765
2019-06-20,-0.011394969403854503,0.011861896414086553
2019-06-21,-0.003368838983799246,0.0012904675033916491
2019-06-24,-0.004258578239485399,0.005392755603774646
2019-06-25,0.0037584923622759232,0.001876494167453192
2019-06-26,0.012921355057831194,0.014346580850060202
2019-06-27,-0.0035863232017017757,-0.025895638138477232
2019-06-28,0.010965581848564318,-0.008992690560764694
2019-07-01,0.009390410213960532,0.06253751213883822
2019-07-02,-0.002673828322769397,-0.02258141077716802
2019-07-03,0.017374929525174783,-0.06028903812297802
2019-07-04,0.008931225055011387,0.03423612568914422
2019-07-05,7.109657274222242e-4,-0.0031917132155547243
2019-07-08,-0.008566233557230275,-0.007782091696764437
2019-07-09,-0.00996703953626618,-0.00751179936595166
2019-07-10,0.006495759943833142,-0.01747328180216899
2019-07-11,0.00823938506725014,0.012352115868619047
2019-07-12,-0.003931927299250729,-0.010650481304267996
2019-07-15,-0.00550713575058453,0.011406916087565616
2019-07-16,0.01323719113224853,-0.03506757068303289
2019-07-17,-0.02410039297135474,0.013605596649415389
2019-07-18,-0.018495033533257675,0.011632006288933338
2019-07-19,-0.010313831915667863,-0.00701338525760804
2019-07-22,-0.0036289563541910077,0.001401488585783574
2019-07-23,0.03582999922804754,0.002428928043419146
2019-07-24,7.255993194894655e-4,-0.014203667307211796
2019-07-25,-0.010814731090585384,-0.011150235559644877
2019-07-26,-0.007726929548175088,0.001842913522257518
2019-07-29,-0.006422962160706802,-0.019447535428315465
2019-07-30,-0.037754420923949844,0.005505554975635825
2019-07-31,-0.005807788027513276,-0.00553273550947215
2019-08-01,0.003230679237298809,-0.011776975650091835
2019-08-02,-0.031586592807595126,-0.015741945253308604
2019-08-05,-0.015431240443657965,-0.023698333694116985
2019-08-06,-0.019940395187847137,0.002163644537760811
2019-08-07,-0.003177804454435635,-0.03401885965290726
2019-08-08,0.022441884793978673,0.012648109581153387
2019-08-09,-0.022027023183565638,0.02751813006534494
2019-08-12,-0.01786496171142075,-0.009760205450832667
2019-08-13,0.011481553331639732,-0.0033047422113831886
2019-08-14,-0.03441539731192416,0.027107621888675215
2019-08-15,0.0012956357266271125,8.915006292360597e-4
2019-08-16,0.03144767573357325,0.0018891426407206602
2019-08-19,-0.010373277814526693,-0.030276629617704734
2019-08-20,-0.016479774688061808,0.006232897955654602
2019-08-21,-0.0017205107665444537,-0.020275988023918307
2019-08-22,0.012264922194635318,0.005434713066188472
2019-08-23,-0.017155673687012096,0.011143489026111167
2019-08-26,0.007899623146481011,0.02313268681326414
2019-08-27,-0.008476600951499982,0.024067244997516526
2019-08-28,0.0011539547804562665,0.016974160898898114
2019-08-29,-0.0033203415867072905,-0.008178296268774185
2019-08-30,-0.0052188250791450055,0.02105971129128558
2019-09-02,-0.001600275038024031,0.02087822375505269
2019-09-03,-0.010537013771777794,-0.02303184859288104
2019-09-04,0.002498012398919913,-0.012588795987153236
2019-09-05,0.03461546130942478,0.0049294755861973485
2019-09-06,0.0011331922922855947,0.004504659836994005
2019-09-09,0.02392582110714408,-0.01589624149327728
2019-09-10,0.02835142421778902,-0.013926945522920064
2019-09-11,-0.002691554750229509,6.874466045746796e-4
2019-09-12,0.004705245617658845,0.003920972961457369
2019-09-13,0.024640352071878414,0.015935726390700067
2019-09-16,-0.014498653809775651,0.017260162984631833
2019-09-17,-0.029507235351178527,-0.03138509178820636
2019-09-18,-0.009894096010884413,0.016512908688811005
2019-09-19,0.02805215263275353,-0.0031286358604077063
2019-09-20,0.009754631734899688,0.015130722710929963
2019-09-23,-0.027912688356768856,-0.012174666186327577
2019-09-24,-0.007549076004882368,-0.013943046855889426
2019-09-25,0.0038502523560924747,0.01015878095540847
2019-09-26,-0.0015107186060471312,-9.525537767456698e-4
2019-09-27,0.017035960431671954,-0.032563426035551776
2019-09-30,0.009816595533039407,-0.005403991830436459
2019-10-01,-0.016732435124688815,-0.003711136879627485
2019-10-02,-0.04380827262128424,0.006500656838062586
2019-10-03,-0.0024197879693886983,-0.03815443271345996
2019-10-04,0.005400569088799241,0.026372365802409484
2019-10-07,0.008468715513455667,-0.03483895485962715
2019-10-08,-0.01045502439588218,-0.006301986512345034
2019-10-09,0.006512053806384667,-0.009564624055457127
2019-10-10,0.02576875453580965,-0.02696521997961261
2019-10-11,0.042009514307111265,0.00928764938855396
2019-10-14,-0.009938394199075058,0.03228705790851601
2019-10-15,0.03686698459198942,0.06469846136543067
2019-10-16,0.006397012686190846,0.0015841981809459821
2019-10-17,-0.01607006992122962,0.017433104257922535
2019-10-18,0.003105439394228286,0.016219787403590823
2019-10-21,0.024377479589524492,-0.050424782109328485
2019-10-22,-1.2602873878457042e-4,-0.046195904971527285
2019-10-23,0.0054078326219231775,-0.011272502499598545
2019-10-24,-0.00932466335077377,-0.031064150049636936
2019-10-25,0.008195235689791941,-0.024307281289647792
2019-10-28,-7.53564605801919e-4,0.015600744665567988
2019-10-29,-0.003146511481216191,0.018739246664520478
2019-10-30,-0.041452743218551594,-0.014204856093105891
2019-10-31,-0.03163151741744674,0.006256924406584351
2019-11-01,0.004442068938096622,-0.015939882922685934
2019-11-04,0.03216423924009107,0.003490495713959945
2019-11-05,0.014645260999347058,-0.017212673676061004
2019-11-06,-0.004105614669805145,-0.013919865819221926
2019-11-07,0.020621919888526456,0.010779336239810287
2019-11-08,-0.022082821798961965,-0.04021147664474137
2019-11-11,-0.005865043984585144,0.004998632454870573
2019-11-12,-0.010617555594647617,0.023319940747445318
2019-11-13,-0.03548234278316061,-0.014600565072900555
2019-11-14,-0.006601726760080675,-0.01629666353836451
2019-11-15,0.007301373179731983,-0.012733464295213744
2019-11-18,-0.009558912091955215,-0.01609070410273367
2019-11-19,0.003665917049325096,8.539587875832089e-4
2019-11-20,-0.004371968471965747,-0.026752228159039427
2019-11-21,0.008724906008081876,0.006755307866966281
2019-11-22,0.011977677619638045,0.028794220701140374
2019-11-25,0.006486026961989533,0.005918205121097065
2019-11-26,-0.011482390416994758,0.005273628309208602
2019-11-27,0.0027791849273364317,-4.174488444322654e-4
2019-11-28,-0.010181126978878022,0.03496404971625036
2019-11-29,-0.008445802119087773,0.015759479763659455
2019-12-02,-0.015672187994088795,0.00886172842590515
2019-12-03,-0.008797898228742631,0.013747286740254707
2019-12-04,0.028842988082384984,0.03674640332413521
2019-12-05,-0.004372901859553584,0.003032409169108375
2019-12-06,0.013479505405657783,-1.8422586438679878e-6
2019-12-09,0.0011152375635363621,-0.00997873266702215
2019-12-10,-0.0016730098337286582,-0.007548914431606792
2019-12-11,-0.006018698228688094,-0.03344082210973078
2019-12-12,0.034902359445617336,-0.009820468890026763
2019-12-13,0.006217024142256989,0.006919609108737067
2019-12-16,0.02330500453118434,0.011433194437510924
2019-12-17,-0.008725483928364242,0.02960911268136731
2019-12-18,0.00819877470489475,0.022781358238731852
2019-12-19,-1.3157282020193056e-4,-0.0037917818899719747
2019-12-20,0.006956660996907071,9.856892025348358e-4
2019-12-23,-0.015156817067154793,0.044731636550883073
2019-12-24,-0.0026595145056371545,-0.0028828558250440874
2019-12-25,0,-0.03818855502965167
2019-12-27,3.995725792167259e-4,0.024235181376555393
2019-12-30,-0.0037341680453884083,-0.023002409276664266
2019-12-31,-0.0033454512858812034,-0.0011192886238670964
2020-01-02,0.03581208688399156,-0.010209094425420088
2020-01-03,-0.015641542494237267,-0.007711905485407083
2020-01-06,-0.008310845120149872,-0.044912254573783346
2020-01-07,-0.004780079938334761,0.006943551542137342
2020-01-08,6.649029758465375e-4,0.005631284120964651
2020-01-09,0.0025244537111987855,-0.020534027641280567
2020-01-10,-0.013625958859762612,-0.0014540353074779602
2020-01-13,-0.006882938901028242,0.011560219825782677
2020-01-14,-0.019970507962365634,-8.782686450923612e-4
2020-01-15,-0.01013698748872105,-0.02482370855671954
2020-01-16,0.01427327142902581,0.004256319476517814
2020-01-17,0.0118988822608249,0.006665269256701063
2020-01-20,-0.011898882260824912,-0.014126894745919365
2020-01-21,-0.004412666151673038,-0.014633506756096697
2020-01-22,-0.011397005881465963,-0.024067691526067102
2020-01-23,-0.0013989220064306318,0.04343620175182873
2020-01-24,-0.008999108429564832,0.006055835170801244
2020-01-27,-0.01824422857636601,0.023363527960615877
2020-01-28,0.02134703237196182,0.01021910330560544
2020-01-29,0.04312851937113615,0.013668796966195159
2020-01-30,-0.011120038953542426,-0.007670810089279902
2020-01-31,-0.03116392940357799,-0.01065808695674821
2020-02-03,0.0023888708265654454,-0.015161961498899007
2020-02-04,0.03543478412863213,-0.007412360683699985
2020-02-05,0.02752320379990276,0.046007861942115535
2020-02-06,0.009443892285269507,-0.0068657613380681114
2020-02-07,0.007543660216834413,0.017837467277823555
2020-02-10,-0.005847965617592467,-0.012309429194918956
2020-02-11,0.0086940630161395,0.0021693090862698948
2020-02-12,0.021726311245674954,0.001889757890851203
2020-02-13,-0.0040537942513334604,0.039121812459032415
2020-02-14,-0.00394269463606089,-0.005765220330034873
2020-02-17,0.007490626895740233,-0.002062458035694722
2020-02-18,-0.014524550564362887,-0.009006750133639978
2020-02-19,0.005375861165692155,-8.657124050356958e-4
2020-02-20,-0.01751279674605229,0.01097847946916719
2020-02-21,-0.017560204205028712,0.005262317340061991
2020-02-24,-0.04364092870781933,-0.02306234512737739
2020-02-25,-0.03142350816091854,-0.011443667266934673
2020-02-26,0.010490578110369778,0.01205968496052621
2020-02-27,-0.03618485350203178,-0.021994148369430058
2020-02-28,-0.027423629354071458,0.0019801965688809957
2020-03-02,-0.021878629959032805,-0.020994085560716007
2020-03-03,-0.006008471138269436,-0.003947705111398752
2020-03-04,0.018374343096547726,0.014691444351843075
2020-03-05,-0.052324056911119736,-0.005914800028677032
2020-03-06,-0.026897498612040938,-0.012741868954082029
2020-03-09,-0.12752011281297856,0.030245602912646104
2020-03-10,-0.010502398767297449,-0.024658490757516326
2020-03-11,0.032826534877971755,0.02719569263282262
2020-03-12,-0.1846228895756151,-0.006323781371300134
2020-03-13,-0.009259655353565292,-0.033060360916504834
2020-03-16,-0.11215083035592995,0.009496357918401682
2020-03-17,0.07492145772672928,-0.020859541310529587
2020-03-18,-0.06407871249076356,0.021610446718269415
2020-03-19,0.0014690894619046775,-0.0129016553793158
2020-03-20,0.03179472711541522,0.021666994290698863
2020-03-23,0.0028411646514777448,-0.011009239419939984
2020-03-24,0.11341319601361136,-0.010570674822273116
2020-03-25,0.042963724440671695,0.030875716300836166
2020-03-26,-0.005879966640385763,-0.005961232555359168
2020-03-27,-0.061222484684345574,0.014257493129710985
2020-03-30,-0.04330293956347521,-0.007165768008213774
2020-03-31,0.0015791326865894034,0.035779247320945735
2020-04-01,-0.032766864955846325,-0.0033192647272160874
2020-04-02,0.00232635011225301,0.012655007798558817
2020-04-03,-0.02565743803430427,-0.03989883583808337
2020-04-06,0.06328640611583514,-0.012883391551666833
2020-04-07,0.006246786615329216,-0.0034861376289015756
2020-04-08,-0.015014372539856413,0.03681645820813564
2020-04-09,-0.022605995317538496,0.003298496149754741
2020-04-14,-0.020532948150129918,-0.022565227721817602
2020-04-15,-0.05824037402559934,4.846556884893289e-5
2020-04-16,-0.016324524890371696,-0.02173665789998911
2020-04-17,-0.00468463095284504,0.01834987043147668
2020-04-20,-0.004295822591732671,0.011253044797346016
2020-04-21,-0.042189631914592726,-0.018088866834514772
2020-04-22,0.028357675208629345,0.006108415664779989
2020-04-23,0.03713631738741538,-0.04491389498784948
2020-04-24,-0.04768932913228383,0.006879453570630504
2020-04-27,0.03397474696600477,0.02059387729069197
2020-04-28,0.046713995198757144,0.022429717139226906
2020-04-29,0.04754379202590489,-0.04250078485880313
2020-04-30,-0.011056554508775452,0.014456477069336832
2020-05-04,-0.039085696675844,-0.011876830540862658
2020-05-05,0.015999233576717568,-0.033931371148208544
2020-05-06,-0.02770376613672781,-0.031035240492790387
2020-05-07,0.011500595705569355,-0.0024377673898131795
2020-05-08,0.019712652624940694,-0.009490344678227331
2020-05-11,-0.02863430644844491,-0.023893625794062043
2020-05-12,0.00667286632791999,-0.0028478803852149855
2020-05-13,-0.04232402338449347,-0.034807829460683254
2020-05-14,-0.0012814867454387902,-0.009557385376135093
2020-05-15,-0.020188970143185627,-0.0032954940899035294
2020-05-18,0.05164729068688189,0.036492254185292734
2020-05-19,-0.05744494013889884,0.006829335615441214
2020-05-20,0.03322883785388598,0.005065185373677606
2020-05-21,-0.0142135346161747,-0.007937862943635944
2020-05-22,0.020032446394371472,-0.0053902807845086316
2020-05-25,0.02129257188306692,0.006970541346513019
2020-05-26,0.05690615572234404,8.940694354024679e-5
2020-05-27,0.047628255018767676,0.018324661677229223
2020-05-28,-0.008172438065455045,0.02994017202182171
2020-05-29,-0.0455717434398024,-0.013731784786599165
2020-06-01,0.017032240494870628,0.028917391863104585
2020-06-02,0.0429710725973846,0.015106368739270192
2020-06-03,0.03139515630485007,-0.02794387594704911
2020-06-04,0.01643764704413303,-0.03426741046758341
2020-06-05,0.10747289933224646,0.017448493076731544
2020-06-08,0.011019694079743209,0.0016487043245200213
2020-06-09,-0.021561290882908726,0.005826479963902853
2020-06-10,-0.028394045199600485,-0.01454732090269256
2020-06-11,-0.09759607090473499,-0.01673113010528242
2020-06-12,0.0038481453944437553,-0.030930069244940683
2020-06-15,-0.028648747090560565,0.020007947580427874
2020-06-16,0.045230042127889475,0.01732280365343085
2020-06-17,-0.0013346325292325732,-0.029395366412050473
2020-06-18,-0.027522214350029627,-0.014310585853424634
2020-06-19,-0.015211407215736963,0.0052551603130577655
2020-06-22,-0.010974967573247977,-0.007359008266538598
2020-06-23,0.04813035927424266,0.0033090714550654877
2020-06-24,-0.04555054924228467,0.005407048756137496
2020-06-25,0.024749496265997886,0.04156660123763238
2020-06-26,-0.031093449193724844,0.045437712269218125
2020-06-29,0.039511269598412495,0.005678004197577207
2020-06-30,-0.014835618865374836,0.004098592556323838
2020-07-01,-0.014592311442427355,-0.025840445774129233
2020-07-02,0.06437832827262271,-0.008799251620194013
2020-07-03,-0.025704619668461513,0.013771553246542917
2020-07-06,0.047988146257433924,-0.02497066749250244
2020-07-07,-0.030190052756152535,0.008906117840564774
2020-07-08,-0.022974430714427178,0.003566859421728146
2020-07-09,-0.01890505994858819,-0.0030969269146119464
2020-07-10,0.0207083983464077,-0.027163588467244135
2020-07-13,0.011644043527993609,-0.010295866599885448
2020-07-14,-0.009843951306474712,-0.03874799728401016
2020-07-15,0.019150479524290696,-1.2691171040136532e-4
2020-07-16,-0.0028716740959688286,-0.05399543657829229
2020-07-17,-0.02033357923526659,-0.009343682762936775
2020-07-20,-0.002259776664421428,0.011716708912818136
2020-07-21,-0.005671884479050767,0.018759529440554756
2020-07-22,-0.021387918302637643,-0.007914198855336327
2020-07-23,-0.015460341408279107,-0.013637002359498539
2020-07-24,0.0037698467334207775,-0.002151906292770928
2020-07-27,-0.024280945577849718,0.021849247128648563
2020-07-28,0.013165820826603994,0.009609363281387347
2020-07-29,-0.048231692435078445,0.019075952722039654
2020-07-30,-0.059165240535187603,0.008768380129345981
2020-07-31,-0.043177138647605195,-0.010143577856150285
2020-08-03,0.026409428829801244,-0.027484577075421342
2020-08-04,0.033154270873686706,0.0054638283971391996
2020-08-05,-0.015540022778359412,0.014092651634634527
2020-08-06,-0.013315689597006374,0.001655913577851727
2020-08-07,-0.01632580656573772,-0.004557618816448111
2020-08-10,0.03165007380613537,1.6581129423198326e-4
2020-08-11,0.05556119116926194,0.0038043043502290477
2020-08-12,-0.0070172269277723985,0.0023342716646380514
2020-08-13,-0.020531663546986153,-0.009370352174839607
2020-08-14,-0.010529486520202998,-0.013031904085249011
2020-08-17,-0.019068108756793985,0.006558581401444399
2020-08-18,-0.007325013932308781,0.008603392420702677
2020-08-19,0.030018576521376027,0.025167437444546303
2020-08-20,-0.04245616528333243,0.0011656210401511824
2020-08-21,-0.01445236506690338,0.034790724397262836
2020-08-24,0.03801591140603977,-0.027960838619123955
2020-08-25,-0.0014769295848423279,-0.026852450970797095
2020-08-26,0.013313506261446291,-0.010726602394551298
2020-08-27,-0.010994318328078572,0.016862557388714044
2020-08-28,0.03232087588641266,0.0038882663361829517
2020-08-31,-0.051883772130083015,0.016617610502209456
2020-09-01,0.0038579676433664794,0.01945427875294818
2020-09-02,-0.024796950971046613,0.0072271599917066755
2020-09-03,0.010253338903896823,-0.01152375613340296
2020-09-04,0.03340196782892754,0.007759752456845477
2020-09-07,0.0037714799175530274,0.027785461955978495
2020-09-08,-0.030360136813525458,-0.02695646333581853
2020-09-09,0.01561387912028307,0.01503957822404013
2020-09-10,-0.021017278735601313,-0.004988384245236482
2020-09-11,-0.02202221840658383,0.014125262955150519
2020-09-14,0.00475217885488657,-0.029048341569037642
2020-09-15,-0.011198591921314855,-0.011007321832518617
2020-09-16,0.001893887559400385,-0.015213627979722965
2020-09-17,-0.019780478791740483,-4.018117009159188e-5
2020-09-18,-0.03853103953632988,0.0024153336619200196
2020-09-21,-0.0641845342834698,-0.029938383200354423
2020-09-22,-0.018791845656621828,-0.0016030329098660906
2020-09-23,-0.014719546281307056,0.008309524378049507
2020-09-24,0.005448339778427623,0.0448131283070541
2020-09-25,0.0023260447314379985,0.008986773318021968
2020-09-28,0.06592471377986546,0.05772321566654844
2020-09-29,-0.03880521687880066,-0.032975686452442796
2020-09-30,0.004637065066561793,0.017166677587035856
2020-10-01,-0.012328413297291273,-0.006829248679604568
2020-10-02,-8.868310241489674e-4,-0.0016643893841846447
2020-10-05,0.01907462633066964,0.024201238726933066
2020-10-06,0.06041267658063404,-0.03456680385047027
2020-10-07,-0.013074112959074012,-0.011685000478638363
2020-10-08,0.01704461857374294,-0.01512119695587162
2020-10-09,-0.012903396750633251,-3.592394452617547e-4
2020-10-12,-0.014987560291003732,-0.0213542525603469
2020-10-13,-0.03376107634436653,-0.0019862106205150924
2020-10-14,0.0013624516705287586,-0.014016375458469245
2020-10-15,-0.00957771037898961,-0.011421919172115488
2020-10-16,0.026151499706849407,0.0012426049935674085
2020-10-19,0.006795502660370961,0.03412981471949089
2020-10-20,0.027317315356206757,0.014010422834355425
2020-10-21,-0.018408342726571648,0.01963044227535061
2020-10-22,0.011204146021382469,-0.016498186855169673
2020-10-23,0.032992318437128625,0.01656902983193336
2020-10-26,-0.012230344334402607,0.026354381420436165
2020-10-27,-0.014735159719855045,-0.05814006460560924
2020-10-28,-0.03220531906747198,0.006172563546615216
2020-10-29,0.010168625673980218,0.024701758409771638
2020-10-30,0.029782420774915497,-0.008281269356631985
2020-11-02,0.041111801078654725,-0.03329822492962859
2020-11-03,0.03808493627794832,0.012918056752294087
2020-11-04,-0.04179432151851939,-0.030526659243372375
2020-11-05,0.03028006681548424,-0.011844048265983616
2020-11-06,-0.024105181005519304,0.008638938553424978
2020-11-09,0.1758179792073793,-0.012879466089576137
2020-11-10,0.08240464250282899,0.017797976173546358
2020-11-11,0.015015477426801663,-0.009294649537610496
2020-11-12,-0.01307189601762938,0.006104475615461859
2020-11-13,0.028913516560403904,0.023946890896771527
2020-11-16,0.02778180897119914,0.008094847584002493
2020-11-17,0.007205103228337025,-0.0073761508354331
2020-11-18,-0.0025367989954087644,-0.02179858087055307
2020-11-19,-0.016003801964559656,0.007764469664117749
2020-11-20,0.005149153527037224,-0.019698249523666625
2020-11-23,0.00767413828186587,0.012146203935864092
2020-11-24,0.053340491652268764,0.013948629791061583
2020-11-25,-0.00889820088409124,0.031920253311244456
2020-11-26,-0.013908882092787313,0.03824239891969711
2020-11-27,0.015329934646310224,-0.002051578598925443
2020-11-30,-0.019457722993820196,-0.004915266808145881
2020-12-01,0.056687253803403385,-0.014855853444811771
2020-12-02,0.046395503486561976,-0.02589252538837363
2020-12-03,0.010209113134770445,-0.005773447362564283
2020-12-04,0.05549464987458331,0.01900946943373273
2020-12-07,-0.048685302455296696,0.02271831150083854
2020-12-08,0.01655341832922985,-0.005449582995568381
2020-12-09,-0.016736714421667572,0.024941353561611375
2020-12-10,-0.028847399390806303,0.021970374760332027
2020-12-11,-0.027954992097605935,-0.011852222218225362
2020-12-14,0.01846928500196354,-0.020996808715659593
2020-12-15,0.030598116704025947,0.00997585208727343
2020-12-16,-0.00947347660397337,0.04731826479777171
2020-12-17,0.0035398023980431686,0.019735172841190397
2020-12-18,-0.04177526944079168,0.02492344284444131
2020-12-21,-0.05071179678695788,0.0038279723711614677
2020-12-22,0.032118173855241766,-0.03324653323397357
2020-12-23,0.0343690538154558,0.002580230168928738
2020-12-24,0.019095183374610972,0.01596093729477471
2020-12-28,-0.03022751229581832,-0.009384745179216492
2020-12-29,3.856574974610942e-4,-0.00944216073126721
2020-12-30,-0.006387217519260921,0.0013450183556903042
2020-12-31,-0.014472956469365517,-0.005997280481972952
2021-01-04,0.01116665356622908,-0.011481298607333289
2021-01-05,0.003500310995631415,0.005917400773671897
2021-01-06,0.06646604560088948,0.016402350283430935
2021-01-07,0.014606653600512555,-0.00620620963486241
2021-01-08,-0.011885777765416904,0.01898985898710496
2021-01-11,0.017954104597442337,-0.006970225481450734
2021-01-12,0.013958920773322168,-0.01384720848911867
2021-01-13,-0.0061603595135301375,0.018283032156467614
2021-01-14,-0.011006660193548703,-0.015404876365240771
2021-01-15,-0.02916086018793359,0.018784359166787525
2021-01-18,0.0064120349742995,0.010836455816023372
2021-01-19,-0.01991944868650367,0.006820606703599304
2021-01-20,0.0016750662080308718,-0.004247744020746578
2021-01-21,-0.018204088429753414,-0.01842545381221665
2021-01-22,-0.022602039094012673,0.016407184036979484
2021-01-25,-0.035894335792941164,0.005171243307002665
2021-01-26,0.016923999881682444,0.012030775752822962
2021-01-27,-0.04028727331843894,-0.006403650327631468
2021-01-28,0.019943499314670987,-0.009296049604871055
2021-01-29,-0.02716374118833196,0.00785020115967864
2021-02-01,8.280317599929932e-4,-0.011467100882190518
2021-02-02,0.04845507087025042,-0.0018539225044693322
2021-02-03,0.006678218650741131,0.04654531803476171
2021-02-04,0.05188038980701603,-0.015985129571374098
2021-02-05,0.035783349794386556,-0.0014542387467266775
2021-02-08,0.020238797077383054,-0.0012036529189082344
2021-02-09,-0.004580011446989803,-0.0020224524674846882
2021-02-10,0.0019401744874867658,-0.022715460412538007
2021-02-11,-0.014554568830521968,0.02057351297270774
2021-02-12,-5.36486298685138e-4,0.006128545237831345
2021-02-15,0.0403207845028652,0.0019237015042344533
2021-02-16,5.152905094978631e-4,0.05787940920542558
2021-02-17,-0.005855800942294223,-0.007133635269779278
2021-02-18,-0.013565422131605822,0.0014238606462078998
2021-02-19,0.04116504375175724,0.0186547950736806
2021-02-22,-0.027254461479749782,0.015082119596995788
2021-02-23,0.01881687584316984,-0.04636360896689286
2021-02-24,0.004058885475943027,-0.027158254548120972
2021-02-25,0.0010120661242133875,0.035880634302007865
2021-02-26,-0.023197157678304124,-0.0075298486096622
2021-03-01,0.007735413224357834,0.0334047607705293
2021-03-02,-0.00946262892935368,0.04477747988270676
2021-03-03,0.017817958175823843,-0.011732659777616715
2021-03-04,-8.494501521456049e-4,0.025505398642767452
2021-03-05,0.012833588652681126,0.012600956081159322
2021-03-08,0.02469281369890171,8.860840812930862e-5
2021-03-09,-0.026876461359920688,-0.0027097915826021896
2021-03-10,-0.004043840111878952,0.011434057287970778
2021-03-11,-0.014283447768650844,-0.008984933064632312
2021-03-12,0.01832728788052986,0.03255442485825964
2021-03-15,-0.014395838277733214,-0.026802474724603873
2021-03-16,-0.005645287584677205,0.014553104288658974
2021-03-17,0.004279624853955294,0.022903371219924234
2021-03-18,0.019956731820698653,0.019060712359154502
2021-03-19,-0.03233235598649981,0.020512287574584877
2021-03-22,-0.01691849159895113,0.001065881351610641
2021-03-23,0.006137672836890495,-0.022044219078154688
2021-03-24,0.006100231494924834,-0.028095295019603873
2021-03-25,-0.007674772905982163,0.010601032223507985
2021-03-26,0.014083471202260948,0.011831842733864933
2021-03-29,-0.011111296525180484,0.031126746711668138
2021-03-30,0.026700532248838338,-0.023026838844136834
2021-03-31,-0.01524390091247447,0.05211000064515933
2021-04-01,-0.0048445081523671475,-0.023037629800436735
2021-04-06,0.014292155452068826,0.01991757173638567
2021-04-07,0.00868165667392967,-0.005045739902020564
2021-04-08,-0.00953691854755363,-0.011694156312382816
2021-04-09,-0.006523582542308766,0.008024769500306221
2021-04-12,0.0015487982820328494,-0.051913865723842705
2021-04-13,-0.00950315170515467,0.05679728483215829
2021-04-14,0.00984712091960494,0.003860962160527232
2021-04-15,-0.02400939078886638,0.028960142380336354
2021-04-16,0.012076571903668632,0.020566028255401374
2021-04-19,0.03117236073338237,0.016281411399367687
2021-04-20,-0.039031714614678054,-0.046772019611762514
2021-04-21,-0.0121728056512066,-0.011014770994454325
2021-04-22,0.010066239854509336,0.013112287711270067
2021-04-23,5.269677195056989e-4,0.008497735259339511
2021-04-26,0.023260962538468086,0.0026131241759821977
2021-04-27,0.04888835102434875,0.016328752740351667
2021-04-28,0.02660362733752785,2.020378002756581e-4
2021-04-29,0.017506865215517177,-0.03368258485089637
2021-04-30,0.013938024056776232,0.023292525881602924
2021-05-03,-0.0056145257300832686,-0.009854842994497686
2021-05-04,-0.011957287353294824,-0.0216395950027591
2021-05-05,0.02067735669430793,0.022552871826802566
2021-05-06,-0.0020172536631246755,-0.010735658546164305
2021-05-07,-7.770487399872708e-4,-0.03679546263304598
2021-05-10,0.027600518629904564,0.038466909520131085
2021-05-11,-0.017083978873503363,0.02549058244946325
2021-05-12,0.011472219476413935,-0.024335419580539128
2021-05-13,-0.007173784839916968,-0.006248505619693514
2021-05-14,0.026901971026184582,0.002896742750186081
2021-05-17,-0.006582681621923476,0.011350339860130442
2021-05-18,0.011788233090356984,-0.02511503993867344
2021-05-19,-0.023413696157093888,0.009388679269816281
2021-05-20,0.007715036296756023,-0.0056365336210194555
2021-05-21,0.015401988882989381,-0.003498464310537792
2021-05-24,-0.0032698073390439596,-0.018657098228714426
2021-05-25,0.004752583658856174,-0.015532121970396738
2021-05-26,-0.005944342851087144,0.012937524152088958
2021-05-27,0.02734658550585382,0.012838352091653168
2021-05-28,8.699212351751408e-4,0.00546411702364921
2021-05-31,-0.0077096252363022,-0.0182838897829277
2021-06-01,0.015647766561286826,-0.035173028332193275
2021-06-02,-8.630400447865374e-4,-0.0073623008759889155
2021-06-03,0.008881399624180789,-0.013203589897461654
2021-06-04,-0.01827777811259021,0.03261443762417117
2021-06-07,0.005359469272904199,0.011175924417935813
2021-06-08,-0.01822341534859615,-0.017135152093120814
2021-06-09,-0.005162552456614285,-6.99607353019556e-4
2021-06-10,0.019042609936967016,-0.033621290743259716
2021-06-11,-0.003342789480090363,-0.015471983357266022
2021-06-14,8.73212606232103e-4,0.026010567219025123
2021-06-15,-0.0033510688221553417,0.03814569847576047
2021-06-16,-0.018262846788303578,0.029145035223187073
2021-06-17,-5.94576992598252e-4,-0.00235676678983152
2021-06-18,-0.022104393216884975,0.033813644632195244
2021-06-21,-0.0025883174927712727,0.007470224799801858
2021-06-22,0.0022839391030155414,-0.021735540109148944
2021-06-23,-0.0036566866759396104,0.030912245145730436
2021-06-24,0.012891764470302897,-0.0012658377297274218
2021-06-25,0.01123841970582757,-0.0018727474249284903
2021-06-28,-0.02810700169545261,0.034763801567848564
2021-06-29,0.003518712571804826,-6.485706309730235e-4
2021-06-30,-0.016786331413566828,0.010181316997947984
2021-07-01,0.021509478639161625,0.016737907628577405
2021-07-02,-0.020577979665278672,0.0018574165477021531
2021-07-05,0.013255347333792335,-0.00988269221281184
2021-07-06,-0.03220820642514903,0.012881991150495688
2021-07-07,-0.005390956213702472,0.006056589473252232
2021-07-08,-0.028216180975854887,0.006441851739621952
2021-07-09,0.023275486797171886,-3.4523320859857176e-4
2021-07-12,0.0030311767843979546,-2.0195312356112812e-4
2021-07-13,-0.017839136906929554,-0.041846105141134425
2021-07-14,0.006626640754176851,0.003055703179625615
2021-07-15,0.005461643247472912,-0.01820848294525922
2021-07-16,-0.026954093264050565,-0.015447551660597624
2021-07-19,-0.03466238719999117,-0.00623608051010136
2021-07-20,0.0067925875641241746,0.013354239765476866
2021-07-21,0.038347990362906585,-0.002310299290646878
2021-07-22,0.0027647940105294737,-0.012835586863086997
2021-07-23,0.015311851852204274,0.029798153206405043
2021-07-26,0.019953288595864403,-0.002751668020731136
2021-07-27,-0.01056051368898751,-0.0052461894599070075
2021-07-28,-0.030895556686387046,-0.006489782166171637
2021-07-29,0.025334337571153918,0.009370186249878723
2021-07-30,-0.016224151249698563,0.020561217286819908
2021-08-02,-0.006987877060369478,0.03203013540177583
2021-08-03,0.011995612591455172,0.014621516870878435
2021-08-04,0.01041942514889939,-0.05237875521247621
2021-08-05,0.0046135993353218045,0.019591014575517866
2021-08-06,0.02399550870205884,0.012415959658381864
2021-08-09,0.002631179071267644,-0.009874914613564949
2021-08-10,0.00785162927276138,0.017057039249202297
2021-08-11,0.010677173720021034,-0.020753714534373892
2021-08-12,-0.006087275657259085,-0.013740884952914083
2021-08-13,-0.0036704181404244762,8.991110018059332e-4
2021-08-16,-0.01933698670430551,-0.006808919821063946
2021-08-17,-0.01844456393685066,-0.016560788775173554
2021-08-18,0.004445151459510639,-0.025855053699129854
2021-08-19,-0.026972220260596667,-0.02029378453517761
2021-08-20,0.0011384051475105282,-0.005179833466286008
2021-08-23,0.01468382919866203,0.0011835728521323884
2021-08-24,-0.002405543576608571,-0.033864974185075246
2021-08-25,0.02724255915893845,0.006989812482351373
2021-08-26,-0.013845571648015484,0.026866676670898985
2021-08-27,0.0031638294985007545,-0.009009370989953983
2021-08-30,-0.013675118343577207,0.012592388283278933
2021-08-31,0.0014400571496215253,0.011073013357713424
2021-09-01,0.016489919824111875,0.0030101071676733307
2021-09-02,-0.012660198413757913,-0.03463763650009273
2021-09-03,-0.020433762847875552,0.02252120648142332
2021-09-06,0.010992893753673854,0.036355734998838166
2021-09-07,0.008165924237310754,0.03491444886213311
2021-09-08,-0.023394107391128776,-0.018916434446667886
2021-09-09,-3.264591884582915e-4,-0.03215577462447346
2021-09-10,-0.006224394512065604,0.012268305073467193
2021-09-13,0.023064428722721506,-0.007542296129405256
2021-09-14,-0.007413422283250194,0.005163118452429795
2021-09-15,-6.474359905907981e-4,8.030819121849417e-4
2021-09-16,0.00484443884764615,0.0028299922724253483
2021-09-17,-0.020834148860616696,0.0015373810745486324
2021-09-20,-0.049218060726785,-0.005423359296895482
2021-09-21,0.0018987900790402373,0.011344212644997465
2021-09-22,0.03190486867763184,-0.016984886858957667
2021-09-23,0.029459943619056704,0.013097610560228908
2021-09-24,0.0051761821266764095,-0.00981114954311643
2021-09-27,0.03285233627266045,-0.017078043759976007
2021-09-28,-0.03900218661616422,0.008386539410122991
2021-09-29,0.02453422434572794,0.0034153994072630436
2021-09-30,-0.006356189389106932,-0.05260394302832743
2021-10-01,-0.004153424320421382,-0.03146631160597051
2021-10-04,4.801725854591088e-4,0.012720116516207166
2021-10-05,0.04167901344762494,-0.0339810797215153
2021-10-06,-0.005848527187853391,-0.021307707782424665
2021-10-07,0.028157872019253946,-0.004537449955793955
2021-10-08,0.0055375443924792,0.010585802245808329
2021-10-11,-2.9848670493657395e-4,0.018892195962665195
2021-10-12,0.01024890155448779,0.008579591243945608
2021-10-13,-0.03228761060344411,-0.02261088703312496
2021-10-14,0.0015250640024438034,-7.854531013076478e-4
2021-10-15,0.01946808770533603,-0.015263219334442031
2021-10-18,-0.004643903171953901,0.044352172792562566
2021-10-19,0.009414910797726935,-0.012573942010583553
2021-10-20,-4.4638233236331265e-4,-0.003298907333915938
2021-10-21,-0.013935782249618283,0.018619969209260012
2021-10-22,-0.009551949436921349,0.009522199848701686
2021-10-25,0.01105976658681597,-0.006361612035031166
2021-10-26,0.011385832381336499,-0.0049672031354751865
2021-10-27,-0.02886484106803373,0.01673144101613098
2021-10-28,0.005962044650366856,-6.488730772567998e-4
2021-10-29,0.013674638838565505,-6.228097876879077e-5
2021-11-01,0.020242383014481752,-0.022375990537133936
2021-11-02,-0.014763751140158642,-0.021955768572039566
2021-11-03,0.0046937780172340024,-0.008948205646503655
2021-11-04,-0.022146762363315465,-0.007698534559386369
2021-11-05,0.014260764564525632,-0.019606405951845075
2021-11-08,-0.014106336334738304,0.022327407858241145
2021-11-09,-0.0144648295414684,0.011208164059662323
2021-11-10,0.0064027703705403114,-0.0068527336083820355
2021-11-11,0.0024875634718017074,0.03543252170476962
2021-11-12,-0.01077209698191107,0.029915616481816235
2021-11-15,0.008128855141304308,0.027003332599702043
2021-11-16,-7.787555879903471e-4,0.037970523676885345
2021-11-17,-0.0028085523220389166,-0.016987102054174138
2021-11-18,-0.019565155494840045,0.02595362737733703
2021-11-19,-0.02566105461035834,-0.00330973575311064
2021-11-22,0.014122465053864441,-0.02892008815914409
2021-11-23,-0.012489011570774922,0.012295021544015947
2021-11-24,-0.010335585403446921,-0.004414681567266579
2021-11-25,0.007720777572707792,-0.011582648875897512
2021-11-26,-0.09341376280907944,0.005367925095886701
2021-11-29,1.7964609767179765e-4,0.02903467712449496
2021-11-30,-0.012108216962945496,0.03544923121215721
2021-12-01,0.025844941752142456,-0.025162633635566672
2021-12-02,-0.01050860146940361,-0.0014282123106766384
2021-12-03,-0.010439259670038049,0.019900154716030113
2021-12-06,0.017931267600015968,0.016384418634703718
2021-12-07,0.0017755686482959455,-0.01052782874064898
2021-12-08,-0.025149520220914545,-0.013962640480628962
2021-12-09,-0.011342968305350637,0.010035846368777763
2021-12-10,-0.006090265202748873,-0.04590889406269902
2021-12-13,-0.015860020848222356,-0.018285497274686938
2021-12-14,0.010477177224482952,-0.03225905506664587
